Index,Info,MeanBS,StdBS,MaxBS
0.0,1.0,108.05222499999999,22.791813536868343,189.255
