trades,token0,token1,token2,token3
2.1154375,85.2689007392556,81.53073789346301,78.50505840483633,74.75778999473863
