trades,token0,token1,token2,token3
1.389149626063991,3.698763085506131,3.341377338551873,3.4073563040396935,3.777969524295607
