trades,token0,token1,token2,token3
2.055,84.95291049949839,81.30682358499558,78.63434225817664,75.57719377561942
