trades,token0,token1,token2,token3
2.105625,44.99805367377234,48.72147359293973,51.63301136454807,54.834409409902676
