trades,token0,token1,token2,token3
1.3516539347684347,3.897864548409505,3.172267587316369,2.8729641111300976,3.025004141485076
