trades,token0,token1,token2,token3
1.42196167318251,3.862141824645446,3.273503997529986,3.1593077061584576,3.8825490411570858
